BOOK_ID,BOOK_NAME
1,A Brief History of Time
2,A Message to Garcia
3,A Series of Unfortunate Events
4,A Song of Ice and Fire
5,A Tale Of Two Cities
6,A Wrinkle in Time
7,Alex Cross
8,And Then There Were None
9,Angels & Demons
10,Anne of Green Gables
11,Ben-Hur: A Tale of the Christ
12,Berenstain Bears
13,Black Beauty: His Grooms and Companions: The autobiography of a horse
14,Catch-22
15,Charlie and the Chocolate Factory
16,Charlotte's Web
17,Chicken Soup for the Soul
18,Clifford the Big Red Dog
19,Diary of a Wimpy Kid
20,Dirk Pitt
21,Discworld
22,Divine Comedy
23,Dune
24,Earth's Children
25,Eye of the Needle
26,Fear of Flying
27,Fear Street
28,Fifty Shades of Grey
29,Flowers in the Attic
30,Frank Merriwell
31,Geronimo Stilton
32,God's Little Acre
33,Gone with the Wind
34,Goodnight Moon
35,Goosebumps
36,Guess How Much I Love You
37,Harry Bosch
38,Harry Potter
39,Harry Potter and the Chamber of Secrets
40,Harry Potter and the Deathly Hallows
41,Harry Potter and the Goblet of Fire
42,Harry Potter and the Half-Blood Prince
43,Harry Potter and the Order of the Phoenix
44,Harry Potter and the Philosopher's Stone
45,Harry Potter and the Prisoner of Azkaban
46,Heidi's Years of Learning and Travel
47,How the Steel Was Tempered
48,How to Win Friends and Influence People
49,In His Steps: What Would Jesus Do?
50,Jack Reacher
51,James Bond
52,Jaws
53,Jonathan Livingston Seagull
54,Junie B. Jones
55,Kane and Abel
56,Knowledge-value Revolution
57,Kon-Tiki: Across the Pacific in a Raft
58,Left Behind
59,Life After Life
60,Life of Pi
61,Little Critter
62,Little House on the Prairie
63,Lolita
64,Love Story
65,Love You Forever
66,Magic Tree House series
67,Man's Search for Meaning
68,Martine
69,"Men Are from Mars, Women Are from Venus"
70,Millennium series
71,Mr. Men
72,Nijntje (Miffy)
73,Nineteen Eighty-Four
74,No Longer Human
75,Noddy
76,Norwegian Wood
77,One Hundred Years of Solitude
78,OSS 117
79,Paddington Bear
80,Perry Mason
81,Peter Rabbit
82,Peyton Place
83,Pippi Longstocking
84,Ramona
85,Robert Langdon
86,She: A History of Adventure
87,Shōgun
88,Sophie's World
89,Sweet Valley High
90,Tarzan
91,The 7 Habits of Highly Effective People
92,The Adventures of Huckleberry Finn
93,The Adventures of Pinocchio
94,The Alchemist
95,The Baby-sitters Club
96,The Bridges of Madison County
97,The Cat in the Hat
98,The Catcher in the Rye
99,The Celestine Prophecy
100,The Chronicles of Narnia
101,The Common Sense Book of Baby and Child Care
102,The Da Vinci Code
103,The Dark Tower
104,The Diary of Anne Frank
105,The Dukan Diet
106,The Eagle Has Landed
107,The Exorcist
108,The Fault in Our Stars
109,The Ginger Man
110,The Girl with the Dragon Tattoo
111,The Giver
112,The Godfather
113,The Gospel According to Peanuts
114,The Grapes of Wrath
115,The Great Gatsby
116,The Gruffalo
117,The Happy Hooker: My Own Story
118,The Hitchhiker's Guide to the Galaxy
119,The Hite Report
120,The Hobbit
121,The Horse Whisperer
122,The Hunger Games
123,The Hunger Games trilogy
124,The Inheritance Cycle
125,The Joy of Sex
126,The Kite Runner
127,"The Late, Great Planet Earth"
128,"The Lion, the Witch and the Wardrobe"
129,The Little Prince
130,The Lord of the Rings
131,The Lovely Bones
132,The Mark of Zorro
133,The Naked Ape
134,The Name of the Rose
135,The Neverending Story
136,The Old Man and the Sea
137,The Outsiders
138,The Pillars of the Earth
139,The Plague
140,The Poky Little Puppy
141,The Power of Positive Thinking
142,The Prophet
143,The Purpose Driven Life
144,The Railway Series
145,The Revolt of Mamie Stover
146,The Secret
147,"The Secret Diary of Adrian Mole, Aged 13¾"
148,The Shack
149,The Tale of Peter Rabbit
150,The Thorn Birds
151,The Total Woman
152,The Vampire Chronicles
153,The Very Hungry Caterpillar
154,The Wheel of Time
155,The Wind in the Willows
156,The Women's Room
157,The Young Guard
158,Things Fall Apart
159,Think and Grow Rich
160,To Kill a Mockingbird
161,Tuesdays with Morrie
162,Twilight
163,Un di Velt Hot Geshvign (Night)
164,Uncle Styopa
165,Valley of the Dolls
166,Virgin Soil Upturned
167,War and Peace
168,Watership Down
169,What Color is Your Parachute?
170,What to Expect When You're Expecting
171,Where the Wild Things Are
172,Where's Wally
173,Who Moved My Cheese?
174,Wild Swans
175,Winnie-the-Pooh
176,Wolf Totem
177,You Can Heal Your Life
178,Your Erroneous Zones
